{
  "tests": [
    {
      "name": "test1",
      "setup": "make test",
      "run": "cat .github/test1.tmp",
      "input": "",
      "output": "passed",
      "comparison": "included",
      "timeout": 1,
      "points": 2
    },
    {
      "name": "test2",
      "setup": "",
      "run": "cat .github/test2.tmp",
      "input": "",
      "output": "passed",
      "comparison": "included",
      "timeout": 1,
      "points": 2
    },
    {
      "name": "test3",
      "setup": "",
      "run": "cat .github/test3.tmp",
      "input": "",
      "output": "passed",
      "comparison": "included",
      "timeout": 1,
      "points": 1
    },
    {
      "name": "test4",
      "setup": "",
      "run": "cat .github/test4.tmp",
      "input": "",
      "output": "passed",
      "comparison": "included",
      "timeout": 1,
      "points": 2
    },
    {
      "name": "test5",
      "setup": "",
      "run": "cat .github/test5.tmp",
      "input": "",
      "output": "passed",
      "comparison": "included",
      "timeout": 1,
      "points": 1
    },
    {
      "name": "test6",
      "setup": "",
      "run": "cat .github/test6.tmp",
      "input": "",
      "output": "passed",
      "comparison": "included",
      "timeout": 11,
      "points": 2
    }
  ]
}
