{
  "tests": [
    {
      "name": "test10cpp",
      "setup": "make",
      "run": "./fib 10",
      "input": "",
      "output": "1134903170",
      "comparison": "included",
      "timeout": 1,
      "points": 2
    },
    {
      "name": "test19cpp",
      "setup": "make",
      "run": "./fib 19",
      "input": "",
      "output": "1100087778366101931",
      "comparison": "included",
      "timeout": 1,
      "points": 2
    },
    {
      "name": "test18py",
      "setup": "",
      "run": "python fib.py 18",
      "input": "",
      "output": "160500643816367088",
      "comparison": "included",
      "timeout": 10,
      "points": 4
    },
    {
      "name": "test2021cpp",
      "setup": "",
      "run": "make test_cpp",
      "input": "",
      "output": "Success",
      "comparison": "included",
      "timeout": 10,
      "points": 6
    },
    {
      "name": "test2021py",
      "setup": "",
      "run": "make test_py",
      "input": "",
      "output": "Success",
      "comparison": "included",
      "timeout": 10,
      "points": 6
    }
  ]
}